Item_URL,Price,Availability
https://www.ebay.com/itm/401564848769?epid=23031754909&itmmeta=01J568XRYPJF65QF7B8KWZPFXV&hash=item5d7f215281:g:9YMAAOSw2P1kwwYy,US $54.94,Limited quantity available
https://www.ebay.com/itm/292632746816?epid=12028297092&itmmeta=01J568XRYP6FRAEKZPR0NGAP6D&hash=item4422455b40:g:rJEAAOSw7G5kwwY7,US $55.83,Limited quantity available
https://www.ebay.com/itm/404836993584?epid=3060270112&itmmeta=01J56921JCPT80WNTHYK65EKJ6&hash=item5e422a4a30:g:PkIAAOSwTaFl5J~1,US $47.89,Limited quantity available
https://www.ebay.com/itm/296310031260?itmmeta=01J56921JCDAS415A6XVQM8VHF&hash=item44fd74439c:g:ucUAAOSwodJl~DM1,US $46.82,Limited quantity available
https://www.ebay.com/itm/404988046931?_nkw=dolce+gabbana+the+one&epid=699797644&itmmeta=01J58R1CYVZRX15G1PGAEYJQFZ&hash=item5e4b2b2e53:g:gGsAAOSwemRmS5BH,US $73.61,More than 10 available
https://www.ebay.com/itm/401140910188?_nkw=dolce+gabbana+the+one&itmmeta=01J58R1CYV0RGRKWR1JAG5147A&hash=item5d65dc886c:g:UdsAAOSwkENkwxhN,US $66.12/ea,More than 10 available
https://www.ebay.com/itm/400996346981?_nkw=dolce+gabbana+pour+homme&epid=1638931932&itmmeta=01J58R32DX3MAB7P2W5M2BH8HB&hash=item5d5d3eac65:g:bVcAAOSwZl5kwvRA,US $58.41/ea,Limited quantity available
https://www.ebay.com/itm/291729071250?_nkw=dolce+gabbana+light+blue&epid=19030523568&itmmeta=01J58R7437RR3J0ZG34PQ9NC2B&hash=item43ec685c92:g:WmQAAOSwo7RkwwYh,US $53.30/ea,Limited quantity available
https://www.ebay.com/itm/291173871246?_nkw=dolce+gabbana+light+blue&epid=710178855&itmmeta=01J58R743715AP7BMM2F4D5C61&hash=item43cb50ae8e:g:8rQAAOSw9x1kwwYW,US $40.19,Limited quantity available
https://www.ebay.com/itm/302260755695?_nkw=dolce+gabbana+light+blue&epid=2298479130&itmmeta=01J58R7438YEK1HF61N27VZQG0&hash=item4660251cef:g:rHEAAOSw7G5kwwYk,US $60.87/ea,Limited quantity available
https://www.ebay.com/itm/404744980250?_nkw=dolce+gabbana+k&epid=3039762955&itmmeta=01J58RQ5SP2AG90NN7AV7CDP62&hash=item5e3cae471a:g:Vi8AAOSwKlZlpccy,US $57.24,Limited quantity available
https://www.ebay.com/itm/305075160317?_nkw=dolce+gabbana+k&itmmeta=01J58RQ5SPFDHVVTMBCC6HWSXP&hash=item4707e584fd:g:JSUAAOSw8jJk3NM1,US $64.96,Limited quantity available
https://www.ebay.com/itm/305592189543?_nkw=dolce+gabbana+k&itmmeta=01J58RQ5SPH8X6091QEESEMMPB&hash=item4726b6c267:g:uLoAAOSw-MhmV4Ms,US $67.47,Limited quantity available
https://www.ebay.com/itm/295792184172?_nkw=dolce+gabbana+q&epid=23058843969&itmmeta=01J58SBEY9AT2ZP6CYGCNRPFN6&hash=item44de968b6c:g:mOMAAOSweAhkn1Iq,US $52.22,Limited quantity available
https://www.ebay.com/itm/305593313844?_nkw=dolce+gabbana+q&itmmeta=01J58SBEY99AH4G4PYPF29P8VY&hash=item4726c7ea34:g:FBEAAOSwBnVmWHjT,US $66.70,4 available
https://www.ebay.com/itm/296163538602?_nkw=dolce+gabbana+devotion&epid=7062694606&itmmeta=01J58TFCC8EGQS8W7M8DVHB2GP&hash=item44f4b8f6aa:g:fe0AAOSwW~Zlos4a,US $67.74,Limited quantity available
https://www.ebay.com/itm/295536167587?_nkw=mont+blanc+explorer&epid=25047545439&itmmeta=01J58V26717B8PM4X2XAVWCR4H&hash=item44cf540aa3:g:-QkAAOSw4ZlkwvfS,US $60.70/ea,Limited quantity available
https://www.ebay.com/itm/293258586994?_nkw=mont+blanc+explorer&epid=6034370523&itmmeta=01J58V26714CYXNBE7DZ1776ER&hash=item444792eb72:g:~s8AAOSwOlpkwvfL,US $44.99/ea,Limited quantity available
https://www.ebay.com/itm/304149150296?_nkw=mont+blanc+explorer&epid=2318238622&itmmeta=01J58V2671HSQX16XZ7E7SN2K3&hash=item46d0b3ba58:g:2~QAAOSwsNRkwvfi,US $35.33/ea,Limited quantity available
https://www.ebay.com/itm/296205340557?_nkw=mont+blanc+explorer&epid=10061722793&itmmeta=01J58V2671FBA1ADY6Y0DP0PJR&hash=item44f736cf8d:g:ccoAAOSwDudlv7rV,US $47.98,173 sold
https://www.ebay.com/itm/292570815938?_nkw=mont+blanc+legend&epid=8031751834&itmmeta=01J58W3B8SZ8WZYNJSK61CQD81&hash=item441e945dc2:g:4XsAAOSwON5kwwt1,US $47.99/ea,Limited quantity available
https://www.ebay.com/itm/291846940872?_nkw=mont+blanc+legend&epid=2157439984&itmmeta=01J58W3B8TSEA75NYNG6QECD9T&hash=item43f36ee8c8:g:JtoAAOSwn29kwwty,US $38.28/ea,Limited quantity available
https://www.ebay.com/itm/304782050494?_nkw=mont+blanc+legend&epid=17053316295&itmmeta=01J58W3B8T5JNR0W4VC1T34J85&hash=item46f66d04be:g:yDYAAOSwwGJkwwtd,US $29.53,Limited quantity available
https://www.ebay.com/itm/291172929729?_nkw=azzaro+chrome&epid=710082906&itmmeta=01J58XAG1TQAN8CNK608CXHMK3&hash=item43cb4250c1:g:rqAAAOSwVq1kwuzf,US $46.39/ea,Limited quantity available
https://www.ebay.com/itm/291296464977?_nkw=azzaro+chrome&epid=15033927378&itmmeta=01J58XAG1TET3HC5T3A9SKSB0E&hash=item43d29f5051:g:UtwAAOSwKIpkwuz1,US $25.39/ea,Limited quantity available
https://www.ebay.com/itm/304062356577?_nkw=azzaro+chrome&epid=9041811039&itmmeta=01J58XAG1T1T6MWJTM09EP33H1&hash=item46cb875c61:g:uqcAAOSw-sVkwuzx,US $34.21,Limited quantity available
https://www.ebay.com/itm/402463492230?_nkw=azzaro+chrome&epid=12029135508&itmmeta=01J58XAG1VE5RJTNBQC7FWBR0J&hash=item5db4b18886:g:5owAAOSw-~Fkwuzj,US $33.33/ea,Limited quantity available
https://www.ebay.com/itm/402891328157?_nkw=azzaro+chrome&epid=530569546&itmmeta=01J58XAG1TD4GG09WMZFTQPQ0Y&hash=item5dce31ca9d:g:KQIAAOSwNu1kwuz8,US $28.24/ea,4 available
https://www.ebay.com/itm/304806904769?_nkw=azzaro+chrome&epid=4026351101&itmmeta=01J58XAG1TEJZ2QJ9DFJH7H2BX&hash=item46f7e843c1:g:1BcAAOSwL-5kwu0D,US $23.77,Limited quantity available
https://www.ebay.com/itm/301270053653?_nkw=azzaro+pour&epid=133948428&itmmeta=01J58XQDYE2E8SM3R0PF587XPT&hash=item4625183315:g:fa0AAOSwXgVkwubc,US $34.79/ea,Limited quantity available
https://www.ebay.com/itm/294362137843?_nkw=azzaro+sport&epid=5038898654&itmmeta=01J58XRY4HX7R8F9MG85YMQB63&hash=item448959c4f3:g:xU8AAOSwCHxkwubg,US $19.49/ea,Limited quantity available
https://www.ebay.com/itm/296215949538?_nkw=azzaro+elixir&epid=140556141&itmmeta=01J58XT7NHMQK80Z36CR4QB16C&hash=item44f7d8b0e2:g:QMMAAOSwLARlxuVk,US $28.66,More than 10 available
https://www.ebay.com/itm/293223948837?_nkw=azzaro+wanted&epid=11034026125&itmmeta=01J58XWTCE0FBSTT98VBTE4RQZ&hash=item4445826225:g:wo0AAOSwdNFkwub9,US $77.58,Limited quantity available
https://www.ebay.com/itm/305075145215?_nkw=azzaro+wanted&epid=10045875999&itmmeta=01J58XWTCEZXBP0T28K1NYHV8Q&hash=item4707e549ff:g:5ckAAOSwP~xk3ND8,US $89.78,Limited quantity available
https://www.ebay.com/itm/291893217582?_nkw=azzaro+wanted&epid=27032780911&itmmeta=01J597YDTBFJHA94747E8MKRD4&hash=item43f631092e:g:z8AAAOSwsIRkwubx,US $61.23/ea,More than 10 available
https://www.ebay.com/itm/402830525705?_nkw=azzaro+wanted&epid=9041790631&itmmeta=01J597YDTB3FT49ATAN74D74ZR&hash=item5dca920509:g:qZQAAOSwR~BkwucM,US $27.81,Availability not found
https://www.ebay.com/itm/304965213704?_nkw=montale&epid=7038076788&itmmeta=01J598158ZQVK0917HZ1PP5M9N&hash=item470157de08:g:xbwAAOSw4uVkwuYQ,US $79.93,547 sold
https://www.ebay.com/itm/304396357298?_nkw=montale&epid=21021970360&itmmeta=01J5981590J2K35AHAMJYGK7QA&hash=item46df6fceb2:g:6cEAAOSwUXRkwvJO,US $63.60/ea,7 available
https://www.ebay.com/itm/304081219989?_nkw=montale&epid=28007089330&itmmeta=01J598158Z7E9X6V38NQ7F5JA1&hash=item46cca73195:g:12wAAOSwh6Jkwugq,US $60.79/ea,10 available
https://www.ebay.com/itm/303281065878?_nkw=mancera&epid=23033705826&itmmeta=01J5987FWX2PHP9TGV4ENSKAGN&hash=item469cf5cf96:g:uWgAAOSw-sVkwuxT,US $69.74,More than 10 available
https://www.ebay.com/itm/295287439279?_nkw=mancera&epid=18005203414&itmmeta=01J5987FWXGF12P1MBA1ZBRNJH&hash=item44c080bfaf:g:0VkAAOSw-RdkwuXj,US $84.99/ea,Limited quantity available
https://www.ebay.com/itm/304964492953?_nkw=mancera&epid=8033908670&itmmeta=01J5987FWXKDGS3FJJ3DJEWVC1&hash=item47014cde99:g:Oi8AAOSwgMhkwv7A,US $88.43,Limited quantity available
https://www.ebay.com/itm/303856376648?_nkw=mancera&itmmeta=01J5987FWX64D53BQ6EZE6MA0F&hash=item46bf405b48:g:py4AAOSw3ChkwxTr,US $56.09,More than 10 available
https://www.ebay.com/itm/296001960674?_nkw=mancera&itmmeta=01J5987FWX96MAAC24EYMJCC99&hash=item44eb177ae2:g:MpwAAOSwljhlNd1n,US $59.75,Limited quantity available
https://www.ebay.com/itm/295946305916?_nkw=mancera&epid=26050758956&itmmeta=01J5987FWXFMRX8ETXHKFTAGQT&hash=item44e7c6417c:g:RfYAAOSwu~1lEElk,US $70.18,Limited quantity available
https://www.ebay.com/itm/404104091902?_nkw=burberry&epid=8049686294&itmmeta=01J598FZFT2R46MC8YKDP5CPAN&hash=item5e167b18fe:g:D1UAAOSwqnVkwuq3,US $61.35/ea,Limited quantity available
https://www.ebay.com/itm/291421004034?_nkw=burberry&epid=20032602917&itmmeta=01J598FZFTCZ624SYVEE5Y9ZDJ&hash=item43da0ba102:g:s2kAAOSwUVNkwupu,US $35.93/ea,Limited quantity available
https://www.ebay.com/itm/292609126173?_nkw=burberry&epid=77557634&itmmeta=01J598FZFTS0D0JSJFHEH7VBXG&hash=item4420dcef1d:g:CFUAAOSwUNFkwurU,US $34.89/ea,Limited quantity available
https://www.ebay.com/itm/403359824230?_nkw=burberry&epid=15034807792&itmmeta=01J598FZFTCASA4DNNDW3VHCRF&hash=item5dea1e7966:g:wv8AAOSwJKxkwuqn,US $37.29,Limited quantity available
https://www.ebay.com/itm/400785914949?_nkw=burberry&epid=8035047744&itmmeta=01J598FZFTPKGJM7QPWF7YASMK&hash=item5d50b3bc45:g:hYYAAOSwvzZkwuq~,US $36.26,Limited quantity available
https://www.ebay.com/itm/302968511397?_nkw=burberry&epid=127408979&itmmeta=01J598FZFTEYAZRW02FV7A1GK1&hash=item468a549ba5:g:ZPsAAOSwKn5kwurw,US $33.49/ea,Limited quantity available
https://www.ebay.com/itm/400787618672?_nkw=burberry&epid=22036363589&itmmeta=01J598FZFTD0TRMY872HDJX2S2&hash=item5d50cdbb70:g:JU8AAOSwNu1kwuqb,US $33.81/ea,More than 10 available
https://www.ebay.com/itm/400823134950?_nkw=burberry&epid=1101591666&itmmeta=01J598FZFTBG5WX6GTTW7KT00H&hash=item5d52ebaae6:g:J-kAAOSwyVlkwurt,US $28.66/ea,Limited quantity available
https://www.ebay.com/itm/403796576051?_nkw=burberry&epid=1357639898&itmmeta=01J598FZFT50R6DV4FQVWE3F18&hash=item5e0426c733:g:LoYAAOSw3hVkwwvd,US $49.99/ea,Limited quantity available
https://www.ebay.com/itm/304544848958?_nkw=burberry&epid=7033165887&itmmeta=01J598FZFT9MF235RYS7HEZJ20&hash=item46e8499c3e:g:fd8AAOSwMF5kwuqt,US $85.35/ea,Limited quantity available
https://www.ebay.com/itm/294441748279?_nkw=montblanc+legend&epid=7041889843&itmmeta=01J59905V88G537DC2FGNNDCQ1&hash=item448e188737:g:yCIAAOSwwGJkwws8,US $37.39/ea,Limited quantity available
https://www.ebay.com/itm/401654413591?_nkw=montblanc+legend&epid=23030526716&itmmeta=01J59905V8KD7S0P11KC1PMFWZ&hash=item5d8477f917:g:iP4AAOSwmlhkwwtK,US $43.96/ea,Limited quantity available
https://www.ebay.com/itm/401869486332?_nkw=montblanc+legend&epid=1401814038&itmmeta=01J59905V9DRNBMX99WBSPFQ3P&hash=item5d9149b8fc:g:u80AAOSwxl1kwwoK,US $10.05/ea,Limited quantity available
https://www.ebay.com/itm/402257301902?_nkw=montblanc+legend&epid=1970862389&itmmeta=01J59905V90YNKZR5MJEE5VS0X&hash=item5da867518e:g:kaIAAOSwx6xkwwoO,US $14.94/ea,9 available
https://www.ebay.com/itm/291783020889?_nkw=montblanc+legend&epid=23032716571&itmmeta=01J59905V8R800CFWJ9Q465G69&hash=item43ef9f9159:g:WywAAOSwJUZkwwtD,US $31.82/ea,Limited quantity available
https://www.ebay.com/itm/304470149151?_nkw=montblanc+legend&epid=10031090658&itmmeta=01J59905V9RZN2H51AGPRCG094&hash=item46e3d5c81f:g:9lQAAOSwHGpkwwtY,US $37.18,901 sold
https://www.ebay.com/itm/401438689527?_nkw=montblanc+emblem&epid=1530519315&itmmeta=01J5994134SJXA1JBAM9JEC5WM&hash=item5d779c48f7:g:IFsAAOSwlPZkwwsl,US $27.75,Availability not found
https://www.ebay.com/itm/401138388844?_nkw=montblanc+starwalker&epid=77586841&itmmeta=01J5994G4MFNKACH0GMVBBGVXH&hash=item5d65b60f6c:g:nsEAAOSwMNhkwxbt,US $25.47/ea,Limited quantity available
https://www.ebay.com/itm/401131697447?_nkw=montblanc+individuel&epid=9034186867&itmmeta=01J59950P3K0VC03KHA0EY15R3&hash=item5d654ff527:g:lTQAAOSwUwpkwv6U,US $25.39/ea,Limited quantity available
https://www.ebay.com/itm/403662720500?_nkw=montblanc+presence&epid=77644517&itmmeta=01J5995GC81N6YT5EG93A56PK8&hash=item5dfc2c4df4:g:704AAOSwwC5kwwt-,US $29.59/ea,7 available
https://www.ebay.com/itm/301510357190?_nkw=montblanc+presence&itmmeta=01J5995GC8AZ45GPH6T67W75WS&hash=item46336af0c6:g:wF0AAOSwPJxkwwt6,US $24.45/ea,Limited quantity available
https://www.ebay.com/itm/301387596040?_nkw=davidoff&epid=5030528124&itmmeta=01J59ASS3WJ09BFRS0BBDJHMXQ&hash=item462c19c108:g:gdYAAOSwBiNecmjn,US $34.98/ea,Limited quantity available
https://www.ebay.com/itm/301391487965?_nkw=davidoff&itmmeta=01J59ASS3XA0F9FZW7SVAK8MVT&hash=item462c5523dd:g:e8YAAOSw6Bpecmnq,US $36.98/ea,Limited quantity available
https://www.ebay.com/itm/304354117968?_nkw=davidoff&itmmeta=01J59ASS3WHW8D67DNRQRVDZHQ&hash=item46dceb4950:g:0RgAAOSwXhhkwu9M,US $33.90/ea,Limited quantity available
https://www.ebay.com/itm/401568993705?_nkw=davidoff&epid=1101780739&itmmeta=01J59ASS3WGEH37YHEHR6Z9SBB&hash=item5d7f6091a9:g:vc4AAOSw2q9kwvKI,US $22.86,7 available
https://www.ebay.com/itm/303050013705?_nkw=davidoff&epid=7009760812&itmmeta=01J59ASS3WNN54JKT35FNPGSF7&hash=item468f303c09:g:zaUAAOSwV-5kwvKQ,US $21.99/ea,4 available
https://www.ebay.com/itm/401001478621?_nkw=davidoff&epid=2246449780&itmmeta=01J59ASS3WHH3T936PGPASGJQR&hash=item5d5d8cf9dd:g:fiQAAOSwZvxkwx9R,US $20.74/ea,Limited quantity available
https://www.ebay.com/itm/400847265263?_nkw=arden&epid=1890932077&itmmeta=01J59B4BYH6J7JH3Y4461KFY60&hash=item5d545bddef:g:XM0AAOSw~ONkwxO1,US $23.20/ea,Limited quantity available
https://www.ebay.com/itm/291265716055?_nkw=arden&epid=1222572784&itmmeta=01J59B4BYH0C6ZG1WM4R69MRAS&hash=item43d0ca1f57:g:U5YAAOSw9DFkwuLS,US $22.79/ea,Limited quantity available
https://www.ebay.com/itm/293560462233?_nkw=arden&epid=11032575637&itmmeta=01J59B4BYHTCZMSZ0T83YQJW5R&hash=item4459912b99:g:kZYAAOSwuuFkwx3W,US $23.08/ea,Limited quantity available
https://www.ebay.com/itm/400852036961?_nkw=arden&epid=1400427124&itmmeta=01J59B4BYH0P8YVZ94K66W2YMC&hash=item5d54a4ad61:g:NYcAAOSwC~tkwwg2,US $19.45,6 available
https://www.ebay.com/itm/301848327011?_nkw=arden&epid=1900302472&itmmeta=01J59B4BYHPHX6VVENR89VSE65&hash=item46478ff363:g:XqAAAOSwmQ5kwxLd,US $19.96,"1,779 sold"
https://www.ebay.com/itm/401554440490?_nkw=arden&epid=22034596844&itmmeta=01J59B4BYHQ2RG5KTSN041EWQN&hash=item5d7e82812a:g:fE4AAOSwbCZkwxO~,US $28.87/ea,7 available
https://www.ebay.com/itm/291328300543?_nkw=clinique&epid=13031088483&itmmeta=01J59BFS7AV546FQ27A6BFT5B4&hash=item43d48515ff:g:vTkAAOSwfKpkwu4K,US $21.42/ea,Limited quantity available
https://www.ebay.com/itm/301583460814?_nkw=clinique&epid=1623189201&itmmeta=01J59BFS7A9HPJ3YPS074RRJVN&hash=item4637c669ce:g:7hsAAOSwaxNkwu4N,US $23.24,"6,097 sold"
https://www.ebay.com/itm/301239808500?_nkw=clinique&itmmeta=01J59BFS7AQMJN1WJT9RNERMR7&hash=item46234ab1f4:g:sm0AAOSwHodkwu4G,US $21.73/ea,Limited quantity available
https://www.ebay.com/itm/291841094857?_nkw=clinique&epid=222477555&itmmeta=01J59BFS7ARMSE25DYKTSMCZ94&hash=item43f315b4c9:g:~Y8AAOSw4eZkwuaN,US $30.60/ea,Limited quantity available
https://www.ebay.com/itm/403112733466?_nkw=jimmy+choo&epid=2314169667&itmmeta=01J59BYKS71PZX50D57W2V8BHE&hash=item5ddb642b1a:g:lCAAAOSwCDBkwv48,US $55.69/ea,Limited quantity available
https://www.ebay.com/itm/304581295870?_nkw=jimmy+choo&itmmeta=01J59BYKS7XCBXEG5S1F4C0HE6&hash=item46ea75befe:g:8NMAAOSwtBVkwwFM,US $37.61,More than 10 available
https://www.ebay.com/itm/401505709660?_nkw=jimmy+choo+illicit+flower&epid=845119060&itmmeta=01J59C7CF7QX5GRTFPQCGQ78ZS&hash=item5d7b9aee5c:g:AsMAAOSwAmdkwwFA,US $34.00/ea,5 available
https://www.ebay.com/itm/293333163181?_nkw=jimmy+choo&epid=1437632957&itmmeta=01J59BYKS7SY383MDTPVF9KZ3F&hash=item444c04dcad:g:b0gAAOSwsz5kwwmM,US $10.07/ea,Limited quantity available
https://www.ebay.com/itm/304811388697?_nkw=jimmy+choo&itmmeta=01J59BYKS7R7K3QC76AWWN68ZS&hash=item46f82caf19:g:kdwAAOSwJTJkwv5E,US $56.30/ea,Limited quantity available
https://www.ebay.com/itm/301491005783?_nkw=jimmy+choo&epid=14027048240&itmmeta=01J59BYKS73TS241X7SH1W8QFA&hash=item463243a957:g:yvMAAOSwiFZkwwDg,US $40.07/ea,Limited quantity available
https://www.ebay.com/itm/301706279372?_nkw=jimmy+choo&epid=1166912967&itmmeta=01J59BYKS75Z7NY89D17ESDQ34&hash=item463f1879cc:g:cBoAAOSwtiJkwwDz,US $36.61/ea,Limited quantity available
https://www.ebay.com/itm/301894779466?_nkw=jimmy+choo&epid=1753769372&itmmeta=01J59BYKS7H72C8QJ844ERJDZN&hash=item464a54c24a:g:rnAAAOSwJu1kwwEH,US $36.22/ea,Limited quantity available
https://www.ebay.com/itm/403951456302?_nkw=jimmy+choo&epid=20057167456&itmmeta=01J59BYKS7S1AFR8DEC614X22T&hash=item5e0d62102e:g:mO0AAOSwuetkwwD6,US $38.01,514 sold
https://www.ebay.com/itm/293243890773?_nkw=jimmy+choo&epid=28021995802&itmmeta=01J59BYKS7JE8KZ3EQSCHJ9M63&hash=item4446b2ac55:g:dK8AAOSwlKtkwwEV,US $36.00/ea,Limited quantity available
https://www.ebay.com/itm/293924702153?_nkw=jimmy+choo&epid=11031083110&itmmeta=01J59BYKS7DNJ38H1K7F1V6KFK&hash=item446f4707c9:g:DloAAOSwh21kwwFo,US $27.44/ea,Limited quantity available
https://www.ebay.com/itm/304913252375?_nkw=jimmy+choo+intense&epid=16035708899&itmmeta=01J59C6SPCRQTJZMGRV7473MTJ&hash=item46fe3f0017:g:PZ8AAOSwwXFkwwF4,US $56.53,Limited quantity available
https://www.ebay.com/itm/293610680608?_nkw=juicy+couture&itmmeta=01J5B2PV60H9GCYKMX9CPZW308&hash=item445c8f7120:g:czsAAOSwlbNkwx1N,US $42.56,Limited quantity available
https://www.ebay.com/itm/302266554591?_nkw=juicy+couture&epid=1995731538&itmmeta=01J5B2PV6149JRQTHDMB9G9HAA&hash=item46607d98df:g:ymUAAOSwMmNkwx1n,US $34.52,Limited quantity available
https://www.ebay.com/itm/403727306686?_nkw=juicy+couture&epid=9048833820&itmmeta=01J5B2PV61R6X8TA3KA4CR6CQN&hash=item5e0005cfbe:g:UKYAAOSwxh9kwx1b,US $37.49/ea,Limited quantity available
https://www.ebay.com/itm/400986621295?_nkw=juicy+couture+juicy+couture&epid=2010089935&itmmeta=01J5B33GTP21ASD5JT00DWZTC9&hash=item5d5caa456f:g:c1wAAOSwhvlkwx1F,US $40.50,Limited quantity available
https://www.ebay.com/itm/291399461381?_nkw=juicy+couture+couture&itmmeta=01J5B3YKM099JM9MAZBG3FBQMF&hash=item43d8c2ea05:g:dtgAAOSww6Zkwu94,US $26.27/ea,Limited quantity available
https://www.ebay.com/itm/401265350028?_nkw=juicy+couture+juicy+couture&epid=25033917035&itmmeta=01J5B40JX3TCQ1JMSDXX8JRTD4&hash=item5d6d47558c:g:qCYAAOSw7G5kwwKn,US $33.83/ea,Limited quantity available
https://www.ebay.com/itm/402517898056?_nkw=juicy+couture+juicy+couture&itmmeta=01J5B40JX4TVR56RBS7S5PPBMB&hash=item5db7efb348:g:fSUAAOSwXD9kwvPH,US $22.43/ea,7 available
https://www.ebay.com/itm/401299089257?_nkw=juicy+couture+noir&epid=222484789&itmmeta=01J5B4DH90Z7SBVK9ZDF29YZQG&hash=item5d6f4a2769:g:9SEAAOSw-Bxkwx1e,US $37.53/ea,Limited quantity available
https://www.ebay.com/itm/404164254961?_nkw=juicy+couture+juicy+couture&epid=17034909759&itmmeta=01J5B40JX3CMWTR4EDC72D742P&hash=item5e1a111cf1:g:rP8AAOSw071kww6-,US $36.67/ea,Limited quantity available
https://www.ebay.com/itm/400789483405?_nkw=cole&epid=77629840&itmmeta=01J5B5YRFAA3H0J8ACAX14WY5Q&hash=item5d50ea2f8d:g:AqgAAOSw7JNkwuhH,US $24.19/ea,Limited quantity available
https://www.ebay.com/itm/291602366500?_nkw=cole&epid=1437451075&itmmeta=01J5B5YRFAKP83JVPVTR71WG92&hash=item43e4db0024:g:iYwAAOSw0WtkwwOP,US $23.83/ea,Limited quantity available
https://www.ebay.com/itm/301907162625?_nkw=cole&epid=1437436077&itmmeta=01J5B5YRFA3JMTWDADPWMPQR1B&hash=item464b11b601:g:cOgAAOSwpLNkwwOD,US $18.42/ea,Limited quantity available
https://www.ebay.com/itm/303269882058?_nkw=cole&epid=15035706501&itmmeta=01J5B5YRFAWKNFQHR29Q53J8AD&hash=item469c4b28ca:g:MCAAAOSwNlVkwwNv,US $31.96/ea,Limited quantity available
https://www.ebay.com/itm/304799451330?_nkw=cole&epid=22042806802&itmmeta=01J5B5YRFAN637G6KB7NW668DW&hash=item46f77688c2:g:rLEAAOSwJ19kwwN9,US $19.89/ea,Limited quantity available
https://www.ebay.com/itm/400787615558?_nkw=cole&epid=77561024&itmmeta=01J5B5YRF945HKN5FVTT6110H8&hash=item5d50cdaf46:g:CO0AAOSwYVVkwxOH,US $32.75/ea,More than 10 available
